https://vxvii.com,"VXVII"
https://findingmyvoiceonline.com, "Finding My Voice Online"
https://fuckoffcauseurstupid.com, "Fuck Off Cause Ur Stupid"
https://ifeelshocked.com, "I Feel Shocked"
https://littlebobbyser.com, "Little Bobby Ser"
https://marketingjudas.com, "Marketing Judas"
https://marketingscams101.com, "Marketing Scams 101"
https://maverickpetpartners.com, "Maverick Pet Partners"
https://music2mypc.com, "Music2MyPC"
https://warforfreedom.com, "War for Freedom"
https://yeperooni.com, "Yeperooni"
https://youhavetofocus.com, "You Have to Focus"
https://africanskd.com, "African SKD"
https://d1behindu.com, "D1 Behind U"
https://datadonations.com, "Data Donations"
https://fuckoffcauseyourestupid.com, "Fuck Off Cause You're Stupid"
https://fuckoffcuzurstupid.com, "Fuck Off Cuz Ur Stupid"
https://havefunplaynice.com, "Have Fun Play Nice"
https://horrycountysocial.com, "Horry County Social"
https://horryprinters.com, "Horry Printers"
https://imconway.com, "I'm Conway"
https://johnc.cool, "John C"
https://johngcassidy.com, "John G Cassidy"
https://johnnycassidy.com, "Johnny Cassidy"
https://matrix-vibes.com, "Matrix Vibes"
https://matrixvibes.net, "Matrix Vibes"